{"cameraMode":{"drawMode":0,"name":"Shaded","section":"Shading Mode"},"sceneLighting":true,"audioPlay":false,"sceneViewState":{"showFog":true,"showMaterialUpdate":false,"showSkybox":true,"showFlares":true,"showImageEffects":true,"showParticleSystems":true,"showVisualEffectGraphs":true,"m_FxEnabled":true},"in2DMode":false,"pivot":{"x":665.9369506835938,"y":251.2474365234375,"z":21.64942169189453},"rotation":{"x":0.011683083139359951,"y":-0.03389304131269455,"z":-0.00039618241135030985,"w":-0.9993541240692139},"size":556.642333984375,"orthographic":false}